,path,CH_0,CH_1,CH_2,CH_3,CH_4,CH_5
0,A->B,1,1,1,1,1,1
1,A->C->E->F->B,1,1,1,1,1,1
2,A->C->E->D->B,1,1,1,1,1,1
3,A->C->E->G->D->B,1,1,1,1,1,1
4,A->C->G->D->B,1,1,1,1,1,1
5,A->C->G->D->E->F->B,1,1,1,1,1,1
6,A->C->G->E->F->B,1,1,1,1,1,1
7,A->C->G->E->D->B,1,1,1,1,1,1
8,A->C->F->B,1,1,1,1,1,1
9,A->C->F->E->D->B,1,1,1,1,1,1
10,A->C->F->E->G->D->B,1,1,1,1,1,1
11,A->E->C->G->D->B,1,1,1,1,1,1
12,A->E->C->F->B,1,1,1,1,1,1
13,A->E->F->B,1,1,1,1,1,1
14,A->E->F->C->G->D->B,1,1,1,1,1,1
15,A->E->D->B,1,1,1,1,1,1
16,A->E->D->G->C->F->B,1,1,1,1,1,1
17,A->E->G->C->F->B,1,1,1,1,1,1
18,A->E->G->D->B,1,1,1,1,1,1
19,A->D->B,1,1,1,1,1,1
20,A->D->E->C->F->B,1,1,1,1,1,1
21,A->D->E->F->B,1,1,1,1,1,1
22,A->D->E->G->C->F->B,1,1,1,1,1,1
23,A->D->G->C->E->F->B,1,1,1,1,1,1
24,A->D->G->C->F->B,1,1,1,1,1,1
25,A->D->G->E->C->F->B,1,1,1,1,1,1
26,A->D->G->E->F->B,1,1,1,1,1,1
27,A->F->B,1,1,1,1,1,1
28,A->F->C->E->D->B,1,1,1,1,1,1
29,A->F->C->E->G->D->B,1,1,1,1,1,1
30,A->F->C->G->D->B,1,1,1,1,1,1
31,A->F->C->G->E->D->B,1,1,1,1,1,1
32,A->F->E->C->G->D->B,1,1,1,1,1,1
33,A->F->E->D->B,1,1,1,1,1,1
34,A->F->E->G->D->B,1,1,1,1,1,1
35,A->B->D->E->C,1,1,1,1,1,1
36,A->B->D->E->F->C,1,1,1,1,1,1
37,A->B->D->E->G->C,1,1,1,1,1,1
38,A->B->D->G->C,1,1,1,1,1,1
39,A->B->D->G->E->C,1,1,1,1,1,1
40,A->B->D->G->E->F->C,1,1,1,1,1,1
41,A->B->F->C,1,1,1,1,1,1
42,A->B->F->E->C,1,1,1,1,1,1
43,A->B->F->E->D->G->C,1,1,1,1,1,1
44,A->B->F->E->G->C,1,1,1,1,1,1
45,A->C,1,1,1,1,1,1
46,A->E->C,1,1,1,1,1,1
47,A->E->F->B->D->G->C,1,1,1,1,1,1
48,A->E->F->C,1,1,1,1,1,1
49,A->E->D->B->F->C,1,1,1,1,1,1
50,A->E->D->G->C,1,1,1,1,1,1
51,A->E->G->C,1,1,1,1,1,1
52,A->E->G->D->B->F->C,1,1,1,1,1,1
53,A->D->B->F->C,1,1,1,1,1,1
54,A->D->B->F->E->C,1,1,1,1,1,1
55,A->D->B->F->E->G->C,1,1,1,1,1,1
56,A->D->E->C,1,1,1,1,1,1
57,A->D->E->F->C,1,1,1,1,1,1
58,A->D->E->G->C,1,1,1,1,1,1
59,A->D->G->C,1,1,1,1,1,1
60,A->D->G->E->C,1,1,1,1,1,1
61,A->D->G->E->F->C,1,1,1,1,1,1
62,A->F->B->D->E->C,1,1,1,1,1,1
63,A->F->B->D->E->G->C,1,1,1,1,1,1
64,A->F->B->D->G->C,1,1,1,1,1,1
65,A->F->B->D->G->E->C,1,1,1,1,1,1
66,A->F->C,1,1,1,1,1,1
67,A->F->E->C,1,1,1,1,1,1
68,A->F->E->D->G->C,1,1,1,1,1,1
69,A->F->E->G->C,1,1,1,1,1,1
70,A->B->D,1,1,1,1,1,1
71,A->B->F->C->E->D,1,1,1,1,1,1
72,A->B->F->C->E->G->D,1,1,1,1,1,1
73,A->B->F->C->G->D,1,1,1,1,1,1
74,A->B->F->C->G->E->D,1,1,1,1,1,1
75,A->B->F->E->C->G->D,1,1,1,1,1,1
76,A->B->F->E->D,1,1,1,1,1,1
77,A->B->F->E->G->D,1,1,1,1,1,1
78,A->C->E->F->B->D,1,1,1,1,1,1
79,A->C->E->D,1,1,1,1,1,1
80,A->C->E->G->D,1,1,1,1,1,1
81,A->C->G->D,1,1,1,1,1,1
82,A->C->G->E->F->B->D,1,1,1,1,1,1
83,A->C->G->E->D,1,1,1,1,1,1
84,A->C->F->B->D,1,1,1,1,1,1
85,A->C->F->E->D,1,1,1,1,1,1
86,A->C->F->E->G->D,1,1,1,1,1,1
87,A->E->C->G->D,1,1,1,1,1,1
88,A->E->C->F->B->D,1,1,1,1,1,1
89,A->E->F->B->D,1,1,1,1,1,1
90,A->E->F->C->G->D,1,1,1,1,1,1
91,A->E->D,1,1,1,1,1,1
92,A->E->G->C->F->B->D,1,1,1,1,1,1
93,A->E->G->D,1,1,1,1,1,1
94,A->D,1,1,1,1,1,1
95,A->F->B->D,1,1,1,1,1,1
96,A->F->C->E->D,1,1,1,1,1,1
97,A->F->C->E->G->D,1,1,1,1,1,1
98,A->F->C->G->D,1,1,1,1,1,1
99,A->F->C->G->E->D,1,1,1,1,1,1
100,A->F->E->C->G->D,1,1,1,1,1,1
101,A->F->E->D,1,1,1,1,1,1
102,A->F->E->G->D,1,1,1,1,1,1
103,A->B->D->E,1,1,1,1,1,1
104,A->B->D->G->C->E,1,1,1,1,1,1
105,A->B->D->G->C->F->E,1,1,1,1,1,1
106,A->B->D->G->E,1,1,1,1,1,1
107,A->B->F->C->E,1,1,1,1,1,1
108,A->B->F->C->G->D->E,1,1,1,1,1,1
109,A->B->F->C->G->E,1,1,1,1,1,1
110,A->B->F->E,1,1,1,1,1,1
111,A->C->E,1,1,1,1,1,1
112,A->C->G->D->B->F->E,1,1,1,1,1,1
113,A->C->G->D->E,1,1,1,1,1,1
114,A->C->G->E,1,1,1,1,1,1
115,A->C->F->B->D->E,1,1,1,1,1,1
116,A->C->F->B->D->G->E,1,1,1,1,1,1
117,A->C->F->E,1,1,1,1,1,1
118,A->E,1,1,1,1,1,1
119,A->D->B->F->C->E,1,1,1,1,1,1
120,A->D->B->F->C->G->E,1,1,1,1,1,1
121,A->D->B->F->E,1,1,1,1,1,1
122,A->D->E,1,1,1,1,1,1
123,A->D->G->C->E,1,1,1,1,1,1
124,A->D->G->C->F->E,1,1,1,1,1,1
125,A->D->G->E,1,1,1,1,1,1
126,A->F->B->D->E,1,1,1,1,1,1
127,A->F->B->D->G->C->E,1,1,1,1,1,1
128,A->F->B->D->G->E,1,1,1,1,1,1
129,A->F->C->E,1,1,1,1,1,1
130,A->F->C->G->D->E,1,1,1,1,1,1
131,A->F->C->G->E,1,1,1,1,1,1
132,A->F->E,1,1,1,1,1,1
133,A->B->D->E->C->F,1,1,1,1,1,1
134,A->B->D->E->F,1,1,1,1,1,1
135,A->B->D->E->G->C->F,1,1,1,1,1,1
136,A->B->D->G->C->E->F,1,1,1,1,1,1
137,A->B->D->G->C->F,1,1,1,1,1,1
138,A->B->D->G->E->C->F,1,1,1,1,1,1
139,A->B->D->G->E->F,1,1,1,1,1,1
140,A->B->F,1,1,1,1,1,1
141,A->C->E->F,1,1,1,1,1,1
142,A->C->E->D->B->F,1,1,1,1,1,1
143,A->C->E->G->D->B->F,1,1,1,1,1,1
144,A->C->G->D->B->F,1,1,1,1,1,1
145,A->C->G->D->E->F,1,1,1,1,1,1
146,A->C->G->E->F,1,1,1,1,1,1
147,A->C->G->E->D->B->F,1,1,1,1,1,1
148,A->C->F,1,1,1,1,1,1
149,A->E->C->G->D->B->F,1,1,1,1,1,1
150,A->E->C->F,1,1,1,1,1,1
151,A->E->F,1,1,1,1,1,1
152,A->E->D->B->F,1,1,1,1,1,1
153,A->E->D->G->C->F,1,1,1,1,1,1
154,A->E->G->C->F,1,1,1,1,1,1
155,A->E->G->D->B->F,1,1,1,1,1,1
156,A->D->B->F,1,1,1,1,1,1
157,A->D->E->C->F,1,1,1,1,1,1
158,A->D->E->F,1,1,1,1,1,1
159,A->D->E->G->C->F,1,1,1,1,1,1
160,A->D->G->C->E->F,1,1,1,1,1,1
161,A->D->G->C->F,1,1,1,1,1,1
162,A->D->G->E->C->F,1,1,1,1,1,1
163,A->D->G->E->F,1,1,1,1,1,1
164,A->F,1,1,1,1,1,1
165,A->B->D->E->C->G,1,1,1,1,1,1
166,A->B->D->E->F->C->G,1,1,1,1,1,1
167,A->B->D->E->G,1,1,1,1,1,1
168,A->B->D->G,1,1,1,1,1,1
169,A->B->F->C->E->D->G,1,1,1,1,1,1
170,A->B->F->C->E->G,1,1,1,1,1,1
171,A->B->F->C->G,1,1,1,1,1,1
172,A->B->F->E->C->G,1,1,1,1,1,1
173,A->B->F->E->D->G,1,1,1,1,1,1
174,A->B->F->E->G,1,1,1,1,1,1
175,A->C->E->F->B->D->G,1,1,1,1,1,1
176,A->C->E->D->G,1,1,1,1,1,1
177,A->C->E->G,1,1,1,1,1,1
178,A->C->G,1,1,1,1,1,1
179,A->C->F->B->D->E->G,1,1,1,1,1,1
180,A->C->F->B->D->G,1,1,1,1,1,1
181,A->C->F->E->D->G,1,1,1,1,1,1
182,A->C->F->E->G,1,1,1,1,1,1
183,A->E->C->G,1,1,1,1,1,1
184,A->E->C->F->B->D->G,1,1,1,1,1,1
185,A->E->F->B->D->G,1,1,1,1,1,1
186,A->E->F->C->G,1,1,1,1,1,1
187,A->E->D->B->F->C->G,1,1,1,1,1,1
188,A->E->D->G,1,1,1,1,1,1
189,A->E->G,1,1,1,1,1,1
190,A->D->B->F->C->E->G,1,1,1,1,1,1
191,A->D->B->F->C->G,1,1,1,1,1,1
192,A->D->B->F->E->C->G,1,1,1,1,1,1
193,A->D->B->F->E->G,1,1,1,1,1,1
194,A->D->E->C->G,1,1,1,1,1,1
195,A->D->E->F->C->G,1,1,1,1,1,1
196,A->D->E->G,1,1,1,1,1,1
197,A->D->G,1,1,1,1,1,1
198,A->F->B->D->E->C->G,1,1,1,1,1,1
199,A->F->B->D->E->G,1,1,1,1,1,1
200,A->F->B->D->G,1,1,1,1,1,1
201,A->F->C->E->D->G,1,1,1,1,1,1
202,A->F->C->E->G,1,1,1,1,1,1
203,A->F->C->G,1,1,1,1,1,1
204,A->F->E->C->G,1,1,1,1,1,1
205,A->F->E->D->G,1,1,1,1,1,1
206,A->F->E->G,1,1,1,1,1,1
207,B->A,1,1,1,1,1,1
208,B->D->A,1,1,1,1,1,1
209,B->D->E->C->A,1,1,1,1,1,1
210,B->D->E->C->F->A,1,1,1,1,1,1
211,B->D->E->F->A,1,1,1,1,1,1
212,B->D->E->F->C->A,1,1,1,1,1,1
213,B->D->E->A,1,1,1,1,1,1
214,B->D->E->G->C->A,1,1,1,1,1,1
215,B->D->E->G->C->F->A,1,1,1,1,1,1
216,B->D->G->C->E->F->A,1,1,1,1,1,1
217,B->D->G->C->E->A,1,1,1,1,1,1
218,B->D->G->C->A,1,1,1,1,1,1
219,B->D->G->C->F->A,1,1,1,1,1,1
220,B->D->G->C->F->E->A,1,1,1,1,1,1
221,B->D->G->E->C->A,1,1,1,1,1,1
222,B->D->G->E->C->F->A,1,1,1,1,1,1
223,B->D->G->E->F->A,1,1,1,1,1,1
224,B->D->G->E->F->C->A,1,1,1,1,1,1
225,B->D->G->E->A,1,1,1,1,1,1
226,B->F->A,1,1,1,1,1,1
227,B->F->C->E->A,1,1,1,1,1,1
228,B->F->C->E->D->A,1,1,1,1,1,1
229,B->F->C->E->G->D->A,1,1,1,1,1,1
230,B->F->C->G->D->A,1,1,1,1,1,1
231,B->F->C->G->D->E->A,1,1,1,1,1,1
232,B->F->C->G->E->A,1,1,1,1,1,1
233,B->F->C->G->E->D->A,1,1,1,1,1,1
234,B->F->C->A,1,1,1,1,1,1
235,B->F->E->C->G->D->A,1,1,1,1,1,1
236,B->F->E->C->A,1,1,1,1,1,1
237,B->F->E->A,1,1,1,1,1,1
238,B->F->E->D->A,1,1,1,1,1,1
239,B->F->E->D->G->C->A,1,1,1,1,1,1
240,B->F->E->G->C->A,1,1,1,1,1,1
241,B->F->E->G->D->A,1,1,1,1,1,1
242,B->A->C,1,1,1,1,1,1
243,B->A->E->C,1,1,1,1,1,1
244,B->A->E->F->C,1,1,1,1,1,1
245,B->A->E->D->G->C,1,1,1,1,1,1
246,B->A->E->G->C,1,1,1,1,1,1
247,B->A->D->E->C,1,1,1,1,1,1
248,B->A->D->E->F->C,1,1,1,1,1,1
249,B->A->D->E->G->C,1,1,1,1,1,1
250,B->A->D->G->C,1,1,1,1,1,1
251,B->A->D->G->E->C,1,1,1,1,1,1
252,B->A->D->G->E->F->C,1,1,1,1,1,1
253,B->A->F->C,1,1,1,1,1,1
254,B->A->F->E->C,1,1,1,1,1,1
255,B->A->F->E->D->G->C,1,1,1,1,1,1
256,B->A->F->E->G->C,1,1,1,1,1,1
257,B->D->A->C,1,1,1,1,1,1
258,B->D->A->E->C,1,1,1,1,1,1
259,B->D->A->E->F->C,1,1,1,1,1,1
260,B->D->A->E->G->C,1,1,1,1,1,1
261,B->D->A->F->C,1,1,1,1,1,1
262,B->D->A->F->E->C,1,1,1,1,1,1
263,B->D->A->F->E->G->C,1,1,1,1,1,1
264,B->D->E->C,1,1,1,1,1,1
265,B->D->E->F->A->C,1,1,1,1,1,1
266,B->D->E->F->C,1,1,1,1,1,1
267,B->D->E->A->C,1,1,1,1,1,1
268,B->D->E->A->F->C,1,1,1,1,1,1
269,B->D->E->G->C,1,1,1,1,1,1
270,B->D->G->C,1,1,1,1,1,1
271,B->D->G->E->C,1,1,1,1,1,1
272,B->D->G->E->F->A->C,1,1,1,1,1,1
273,B->D->G->E->F->C,1,1,1,1,1,1
274,B->D->G->E->A->C,1,1,1,1,1,1
275,B->D->G->E->A->F->C,1,1,1,1,1,1
276,B->F->A->C,1,1,1,1,1,1
277,B->F->A->E->C,1,1,1,1,1,1
278,B->F->A->E->D->G->C,1,1,1,1,1,1
279,B->F->A->E->G->C,1,1,1,1,1,1
280,B->F->A->D->E->C,1,1,1,1,1,1
281,B->F->A->D->E->G->C,1,1,1,1,1,1
282,B->F->A->D->G->C,1,1,1,1,1,1
283,B->F->A->D->G->E->C,1,1,1,1,1,1
284,B->F->C,1,1,1,1,1,1
285,B->F->E->C,1,1,1,1,1,1
286,B->F->E->A->C,1,1,1,1,1,1
287,B->F->E->A->D->G->C,1,1,1,1,1,1
288,B->F->E->D->A->C,1,1,1,1,1,1
289,B->F->E->D->G->C,1,1,1,1,1,1
290,B->F->E->G->C,1,1,1,1,1,1
291,B->F->E->G->D->A->C,1,1,1,1,1,1
292,B->A->C->E->D,1,1,1,1,1,1
293,B->A->C->E->G->D,1,1,1,1,1,1
294,B->A->C->G->D,1,1,1,1,1,1
295,B->A->C->G->E->D,1,1,1,1,1,1
296,B->A->C->F->E->D,1,1,1,1,1,1
297,B->A->C->F->E->G->D,1,1,1,1,1,1
298,B->A->E->C->G->D,1,1,1,1,1,1
299,B->A->E->F->C->G->D,1,1,1,1,1,1
300,B->A->E->D,1,1,1,1,1,1
301,B->A->E->G->D,1,1,1,1,1,1
302,B->A->D,1,1,1,1,1,1
303,B->A->F->C->E->D,1,1,1,1,1,1
304,B->A->F->C->E->G->D,1,1,1,1,1,1
305,B->A->F->C->G->D,1,1,1,1,1,1
306,B->A->F->C->G->E->D,1,1,1,1,1,1
307,B->A->F->E->C->G->D,1,1,1,1,1,1
308,B->A->F->E->D,1,1,1,1,1,1
309,B->A->F->E->G->D,1,1,1,1,1,1
310,B->D,1,1,1,1,1,1
311,B->F->A->C->E->D,1,1,1,1,1,1
312,B->F->A->C->E->G->D,1,1,1,1,1,1
313,B->F->A->C->G->D,1,1,1,1,1,1
314,B->F->A->C->G->E->D,1,1,1,1,1,1
315,B->F->A->E->C->G->D,1,1,1,1,1,1
316,B->F->A->E->D,1,1,1,1,1,1
317,B->F->A->E->G->D,1,1,1,1,1,1
318,B->F->A->D,1,1,1,1,1,1
319,B->F->C->E->A->D,1,1,1,1,1,1
320,B->F->C->E->D,1,1,1,1,1,1
321,B->F->C->E->G->D,1,1,1,1,1,1
322,B->F->C->G->D,1,1,1,1,1,1
323,B->F->C->G->E->A->D,1,1,1,1,1,1
324,B->F->C->G->E->D,1,1,1,1,1,1
325,B->F->C->A->E->D,1,1,1,1,1,1
326,B->F->C->A->E->G->D,1,1,1,1,1,1
327,B->F->C->A->D,1,1,1,1,1,1
328,B->F->E->C->G->D,1,1,1,1,1,1
329,B->F->E->C->A->D,1,1,1,1,1,1
330,B->F->E->A->C->G->D,1,1,1,1,1,1
331,B->F->E->A->D,1,1,1,1,1,1
332,B->F->E->D,1,1,1,1,1,1
333,B->F->E->G->C->A->D,1,1,1,1,1,1
334,B->F->E->G->D,1,1,1,1,1,1
335,B->A->C->E,1,1,1,1,1,1
336,B->A->C->G->D->E,1,1,1,1,1,1
337,B->A->C->G->E,1,1,1,1,1,1
338,B->A->C->F->E,1,1,1,1,1,1
339,B->A->E,1,1,1,1,1,1
340,B->A->D->E,1,1,1,1,1,1
341,B->A->D->G->C->E,1,1,1,1,1,1
342,B->A->D->G->C->F->E,1,1,1,1,1,1
343,B->A->D->G->E,1,1,1,1,1,1
344,B->A->F->C->E,1,1,1,1,1,1
345,B->A->F->C->G->D->E,1,1,1,1,1,1
346,B->A->F->C->G->E,1,1,1,1,1,1
347,B->A->F->E,1,1,1,1,1,1
348,B->D->A->C->E,1,1,1,1,1,1
349,B->D->A->C->G->E,1,1,1,1,1,1
350,B->D->A->C->F->E,1,1,1,1,1,1
351,B->D->A->E,1,1,1,1,1,1
352,B->D->A->F->C->E,1,1,1,1,1,1
353,B->D->A->F->C->G->E,1,1,1,1,1,1
354,B->D->A->F->E,1,1,1,1,1,1
355,B->D->E,1,1,1,1,1,1
356,B->D->G->C->E,1,1,1,1,1,1
357,B->D->G->C->A->E,1,1,1,1,1,1
358,B->D->G->C->A->F->E,1,1,1,1,1,1
359,B->D->G->C->F->A->E,1,1,1,1,1,1
360,B->D->G->C->F->E,1,1,1,1,1,1
361,B->D->G->E,1,1,1,1,1,1
362,B->F->A->C->E,1,1,1,1,1,1
363,B->F->A->C->G->D->E,1,1,1,1,1,1
364,B->F->A->C->G->E,1,1,1,1,1,1
365,B->F->A->E,1,1,1,1,1,1
366,B->F->A->D->E,1,1,1,1,1,1
367,B->F->A->D->G->C->E,1,1,1,1,1,1
368,B->F->A->D->G->E,1,1,1,1,1,1
369,B->F->C->E,1,1,1,1,1,1
370,B->F->C->G->D->A->E,1,1,1,1,1,1
371,B->F->C->G->D->E,1,1,1,1,1,1
372,B->F->C->G->E,1,1,1,1,1,1
373,B->F->C->A->E,1,1,1,1,1,1
374,B->F->C->A->D->E,1,1,1,1,1,1
375,B->F->C->A->D->G->E,1,1,1,1,1,1
376,B->F->E,1,1,1,1,1,1
377,B->A->C->E->F,1,1,1,1,1,1
378,B->A->C->G->D->E->F,1,1,1,1,1,1
379,B->A->C->G->E->F,1,1,1,1,1,1
380,B->A->C->F,1,1,1,1,1,1
381,B->A->E->C->F,1,1,1,1,1,1
382,B->A->E->F,1,1,1,1,1,1
383,B->A->E->D->G->C->F,1,1,1,1,1,1
384,B->A->E->G->C->F,1,1,1,1,1,1
385,B->A->D->E->C->F,1,1,1,1,1,1
386,B->A->D->E->F,1,1,1,1,1,1
387,B->A->D->E->G->C->F,1,1,1,1,1,1
388,B->A->D->G->C->E->F,1,1,1,1,1,1
389,B->A->D->G->C->F,1,1,1,1,1,1
390,B->A->D->G->E->C->F,1,1,1,1,1,1
391,B->A->D->G->E->F,1,1,1,1,1,1
392,B->A->F,1,1,1,1,1,1
393,B->D->A->C->E->F,1,1,1,1,1,1
394,B->D->A->C->G->E->F,1,1,1,1,1,1
395,B->D->A->C->F,1,1,1,1,1,1
396,B->D->A->E->C->F,1,1,1,1,1,1
397,B->D->A->E->F,1,1,1,1,1,1
398,B->D->A->E->G->C->F,1,1,1,1,1,1
399,B->D->A->F,1,1,1,1,1,1
400,B->D->E->C->A->F,1,1,1,1,1,1
401,B->D->E->C->F,1,1,1,1,1,1
402,B->D->E->F,1,1,1,1,1,1
403,B->D->E->A->C->F,1,1,1,1,1,1
404,B->D->E->A->F,1,1,1,1,1,1
405,B->D->E->G->C->A->F,1,1,1,1,1,1
406,B->D->E->G->C->F,1,1,1,1,1,1
407,B->D->G->C->E->F,1,1,1,1,1,1
408,B->D->G->C->E->A->F,1,1,1,1,1,1
409,B->D->G->C->A->E->F,1,1,1,1,1,1
410,B->D->G->C->A->F,1,1,1,1,1,1
411,B->D->G->C->F,1,1,1,1,1,1
412,B->D->G->E->C->A->F,1,1,1,1,1,1
413,B->D->G->E->C->F,1,1,1,1,1,1
414,B->D->G->E->F,1,1,1,1,1,1
415,B->D->G->E->A->C->F,1,1,1,1,1,1
416,B->D->G->E->A->F,1,1,1,1,1,1
417,B->F,1,1,1,1,1,1
418,B->A->C->E->D->G,1,1,1,1,1,1
419,B->A->C->E->G,1,1,1,1,1,1
420,B->A->C->G,1,1,1,1,1,1
421,B->A->C->F->E->D->G,1,1,1,1,1,1
422,B->A->C->F->E->G,1,1,1,1,1,1
423,B->A->E->C->G,1,1,1,1,1,1
424,B->A->E->F->C->G,1,1,1,1,1,1
425,B->A->E->D->G,1,1,1,1,1,1
426,B->A->E->G,1,1,1,1,1,1
427,B->A->D->E->C->G,1,1,1,1,1,1
428,B->A->D->E->F->C->G,1,1,1,1,1,1
429,B->A->D->E->G,1,1,1,1,1,1
430,B->A->D->G,1,1,1,1,1,1
431,B->A->F->C->E->D->G,1,1,1,1,1,1
432,B->A->F->C->E->G,1,1,1,1,1,1
433,B->A->F->C->G,1,1,1,1,1,1
434,B->A->F->E->C->G,1,1,1,1,1,1
435,B->A->F->E->D->G,1,1,1,1,1,1
436,B->A->F->E->G,1,1,1,1,1,1
437,B->D->A->C->E->G,1,1,1,1,1,1
438,B->D->A->C->G,1,1,1,1,1,1
439,B->D->A->C->F->E->G,1,1,1,1,1,1
440,B->D->A->E->C->G,1,1,1,1,1,1
441,B->D->A->E->F->C->G,1,1,1,1,1,1
442,B->D->A->E->G,1,1,1,1,1,1
443,B->D->A->F->C->E->G,1,1,1,1,1,1
444,B->D->A->F->C->G,1,1,1,1,1,1
445,B->D->A->F->E->C->G,1,1,1,1,1,1
446,B->D->A->F->E->G,1,1,1,1,1,1
447,B->D->E->C->G,1,1,1,1,1,1
448,B->D->E->F->A->C->G,1,1,1,1,1,1
449,B->D->E->F->C->G,1,1,1,1,1,1
450,B->D->E->A->C->G,1,1,1,1,1,1
451,B->D->E->A->F->C->G,1,1,1,1,1,1
452,B->D->E->G,1,1,1,1,1,1
453,B->D->G,1,1,1,1,1,1
454,B->F->A->C->E->D->G,1,1,1,1,1,1
455,B->F->A->C->E->G,1,1,1,1,1,1
456,B->F->A->C->G,1,1,1,1,1,1
457,B->F->A->E->C->G,1,1,1,1,1,1
458,B->F->A->E->D->G,1,1,1,1,1,1
459,B->F->A->E->G,1,1,1,1,1,1
460,B->F->A->D->E->C->G,1,1,1,1,1,1
461,B->F->A->D->E->G,1,1,1,1,1,1
462,B->F->A->D->G,1,1,1,1,1,1
463,B->F->C->E->A->D->G,1,1,1,1,1,1
464,B->F->C->E->D->G,1,1,1,1,1,1
465,B->F->C->E->G,1,1,1,1,1,1
466,B->F->C->G,1,1,1,1,1,1
467,B->F->C->A->E->D->G,1,1,1,1,1,1
468,B->F->C->A->E->G,1,1,1,1,1,1
469,B->F->C->A->D->E->G,1,1,1,1,1,1
470,B->F->C->A->D->G,1,1,1,1,1,1
471,B->F->E->C->G,1,1,1,1,1,1
472,B->F->E->C->A->D->G,1,1,1,1,1,1
473,B->F->E->A->C->G,1,1,1,1,1,1
474,B->F->E->A->D->G,1,1,1,1,1,1
475,B->F->E->D->A->C->G,1,1,1,1,1,1
476,B->F->E->D->G,1,1,1,1,1,1
477,B->F->E->G,1,1,1,1,1,1
478,C->E->F->A,1,1,1,1,1,1
479,C->E->F->B->A,1,1,1,1,1,1
480,C->E->F->B->D->A,1,1,1,1,1,1
481,C->E->A,1,1,1,1,1,1
482,C->E->D->A,1,1,1,1,1,1
483,C->E->D->B->A,1,1,1,1,1,1
484,C->E->D->B->F->A,1,1,1,1,1,1
485,C->E->G->D->A,1,1,1,1,1,1
486,C->E->G->D->B->A,1,1,1,1,1,1
487,C->E->G->D->B->F->A,1,1,1,1,1,1
488,C->G->D->A,1,1,1,1,1,1
489,C->G->D->B->A,1,1,1,1,1,1
490,C->G->D->B->F->A,1,1,1,1,1,1
491,C->G->D->B->F->E->A,1,1,1,1,1,1
492,C->G->D->E->F->A,1,1,1,1,1,1
493,C->G->D->E->F->B->A,1,1,1,1,1,1
494,C->G->D->E->A,1,1,1,1,1,1
495,C->G->E->F->A,1,1,1,1,1,1
496,C->G->E->F->B->A,1,1,1,1,1,1
497,C->G->E->F->B->D->A,1,1,1,1,1,1
498,C->G->E->A,1,1,1,1,1,1
499,C->G->E->D->A,1,1,1,1,1,1
500,C->G->E->D->B->A,1,1,1,1,1,1
501,C->G->E->D->B->F->A,1,1,1,1,1,1
502,C->A,1,1,1,1,1,1
503,C->F->A,1,1,1,1,1,1
504,C->F->B->A,1,1,1,1,1,1
505,C->F->B->D->A,1,1,1,1,1,1
506,C->F->B->D->E->A,1,1,1,1,1,1
507,C->F->B->D->G->E->A,1,1,1,1,1,1
508,C->F->E->A,1,1,1,1,1,1
509,C->F->E->D->A,1,1,1,1,1,1
510,C->F->E->D->B->A,1,1,1,1,1,1
511,C->F->E->G->D->A,1,1,1,1,1,1
512,C->F->E->G->D->B->A,1,1,1,1,1,1
513,C->E->F->A->B,1,1,1,1,1,1
514,C->E->F->A->D->B,1,1,1,1,1,1
515,C->E->F->B,1,1,1,1,1,1
516,C->E->A->B,1,1,1,1,1,1
517,C->E->A->D->B,1,1,1,1,1,1
518,C->E->A->F->B,1,1,1,1,1,1
519,C->E->D->A->B,1,1,1,1,1,1
520,C->E->D->A->F->B,1,1,1,1,1,1
521,C->E->D->B,1,1,1,1,1,1
522,C->E->G->D->A->B,1,1,1,1,1,1
523,C->E->G->D->A->F->B,1,1,1,1,1,1
524,C->E->G->D->B,1,1,1,1,1,1
525,C->G->D->A->B,1,1,1,1,1,1
526,C->G->D->A->E->F->B,1,1,1,1,1,1
527,C->G->D->A->F->B,1,1,1,1,1,1
528,C->G->D->B,1,1,1,1,1,1
529,C->G->D->E->F->A->B,1,1,1,1,1,1
530,C->G->D->E->F->B,1,1,1,1,1,1
531,C->G->D->E->A->B,1,1,1,1,1,1
532,C->G->D->E->A->F->B,1,1,1,1,1,1
533,C->G->E->F->A->B,1,1,1,1,1,1
534,C->G->E->F->A->D->B,1,1,1,1,1,1
535,C->G->E->F->B,1,1,1,1,1,1
536,C->G->E->A->B,1,1,1,1,1,1
537,C->G->E->A->D->B,1,1,1,1,1,1
538,C->G->E->A->F->B,1,1,1,1,1,1
539,C->G->E->D->A->B,1,1,1,1,1,1
540,C->G->E->D->A->F->B,1,1,1,1,1,1
541,C->G->E->D->B,1,1,1,1,1,1
542,C->A->B,1,1,1,1,1,1
543,C->A->E->F->B,1,1,1,1,1,1
544,C->A->E->D->B,1,1,1,1,1,1
545,C->A->E->G->D->B,1,1,1,1,1,1
546,C->A->D->B,1,1,1,1,1,1
547,C->A->D->E->F->B,1,1,1,1,1,1
548,C->A->D->G->E->F->B,1,1,1,1,1,1
549,C->A->F->B,1,1,1,1,1,1
550,C->A->F->E->D->B,1,1,1,1,1,1
551,C->A->F->E->G->D->B,1,1,1,1,1,1
552,C->F->A->B,1,1,1,1,1,1
553,C->F->A->E->D->B,1,1,1,1,1,1
554,C->F->A->E->G->D->B,1,1,1,1,1,1
555,C->F->A->D->B,1,1,1,1,1,1
556,C->F->B,1,1,1,1,1,1
557,C->F->E->A->B,1,1,1,1,1,1
558,C->F->E->A->D->B,1,1,1,1,1,1
559,C->F->E->D->A->B,1,1,1,1,1,1
560,C->F->E->D->B,1,1,1,1,1,1
561,C->F->E->G->D->A->B,1,1,1,1,1,1
562,C->F->E->G->D->B,1,1,1,1,1,1
563,C->E->F->A->B->D,1,1,1,1,1,1
564,C->E->F->A->D,1,1,1,1,1,1
565,C->E->F->B->A->D,1,1,1,1,1,1
566,C->E->F->B->D,1,1,1,1,1,1
567,C->E->A->B->D,1,1,1,1,1,1
568,C->E->A->D,1,1,1,1,1,1
569,C->E->A->F->B->D,1,1,1,1,1,1
570,C->E->D,1,1,1,1,1,1
571,C->E->G->D,1,1,1,1,1,1
572,C->G->D,1,1,1,1,1,1
573,C->G->E->F->A->B->D,1,1,1,1,1,1
574,C->G->E->F->A->D,1,1,1,1,1,1
575,C->G->E->F->B->A->D,1,1,1,1,1,1
576,C->G->E->F->B->D,1,1,1,1,1,1
577,C->G->E->A->B->D,1,1,1,1,1,1
578,C->G->E->A->D,1,1,1,1,1,1
579,C->G->E->A->F->B->D,1,1,1,1,1,1
580,C->G->E->D,1,1,1,1,1,1
581,C->A->B->D,1,1,1,1,1,1
582,C->A->B->F->E->D,1,1,1,1,1,1
583,C->A->B->F->E->G->D,1,1,1,1,1,1
584,C->A->E->F->B->D,1,1,1,1,1,1
585,C->A->E->D,1,1,1,1,1,1
586,C->A->E->G->D,1,1,1,1,1,1
587,C->A->D,1,1,1,1,1,1
588,C->A->F->B->D,1,1,1,1,1,1
589,C->A->F->E->D,1,1,1,1,1,1
590,C->A->F->E->G->D,1,1,1,1,1,1
591,C->F->A->B->D,1,1,1,1,1,1
592,C->F->A->E->D,1,1,1,1,1,1
593,C->F->A->E->G->D,1,1,1,1,1,1
594,C->F->A->D,1,1,1,1,1,1
595,C->F->B->A->E->D,1,1,1,1,1,1
596,C->F->B->A->E->G->D,1,1,1,1,1,1
597,C->F->B->A->D,1,1,1,1,1,1
598,C->F->B->D,1,1,1,1,1,1
599,C->F->E->A->B->D,1,1,1,1,1,1
600,C->F->E->A->D,1,1,1,1,1,1
601,C->F->E->D,1,1,1,1,1,1
602,C->F->E->G->D,1,1,1,1,1,1
603,C->E,1,1,1,1,1,1
604,C->G->D->A->B->F->E,1,1,1,1,1,1
605,C->G->D->A->E,1,1,1,1,1,1
606,C->G->D->A->F->E,1,1,1,1,1,1
607,C->G->D->B->A->E,1,1,1,1,1,1
608,C->G->D->B->A->F->E,1,1,1,1,1,1
609,C->G->D->B->F->A->E,1,1,1,1,1,1
610,C->G->D->B->F->E,1,1,1,1,1,1
611,C->G->D->E,1,1,1,1,1,1
612,C->G->E,1,1,1,1,1,1
613,C->A->B->D->E,1,1,1,1,1,1
614,C->A->B->D->G->E,1,1,1,1,1,1
615,C->A->B->F->E,1,1,1,1,1,1
616,C->A->E,1,1,1,1,1,1
617,C->A->D->B->F->E,1,1,1,1,1,1
618,C->A->D->E,1,1,1,1,1,1
619,C->A->D->G->E,1,1,1,1,1,1
620,C->A->F->B->D->E,1,1,1,1,1,1
621,C->A->F->B->D->G->E,1,1,1,1,1,1
622,C->A->F->E,1,1,1,1,1,1
623,C->F->A->B->D->E,1,1,1,1,1,1
624,C->F->A->B->D->G->E,1,1,1,1,1,1
625,C->F->A->E,1,1,1,1,1,1
626,C->F->A->D->E,1,1,1,1,1,1
627,C->F->A->D->G->E,1,1,1,1,1,1
628,C->F->B->A->E,1,1,1,1,1,1
629,C->F->B->A->D->E,1,1,1,1,1,1
630,C->F->B->A->D->G->E,1,1,1,1,1,1
631,C->F->B->D->A->E,1,1,1,1,1,1
632,C->F->B->D->E,1,1,1,1,1,1
633,C->F->B->D->G->E,1,1,1,1,1,1
634,C->F->E,1,1,1,1,1,1
635,C->E->F,1,1,1,1,1,1
636,C->E->A->B->F,1,1,1,1,1,1
637,C->E->A->D->B->F,1,1,1,1,1,1
638,C->E->A->F,1,1,1,1,1,1
639,C->E->D->A->B->F,1,1,1,1,1,1
640,C->E->D->A->F,1,1,1,1,1,1
641,C->E->D->B->A->F,1,1,1,1,1,1
642,C->E->D->B->F,1,1,1,1,1,1
643,C->E->G->D->A->B->F,1,1,1,1,1,1
644,C->E->G->D->A->F,1,1,1,1,1,1
645,C->E->G->D->B->A->F,1,1,1,1,1,1
646,C->E->G->D->B->F,1,1,1,1,1,1
647,C->G->D->A->B->F,1,1,1,1,1,1
648,C->G->D->A->E->F,1,1,1,1,1,1
649,C->G->D->A->F,1,1,1,1,1,1
650,C->G->D->B->A->E->F,1,1,1,1,1,1
651,C->G->D->B->A->F,1,1,1,1,1,1
652,C->G->D->B->F,1,1,1,1,1,1
653,C->G->D->E->F,1,1,1,1,1,1
654,C->G->D->E->A->B->F,1,1,1,1,1,1
655,C->G->D->E->A->F,1,1,1,1,1,1
656,C->G->E->F,1,1,1,1,1,1
657,C->G->E->A->B->F,1,1,1,1,1,1
658,C->G->E->A->D->B->F,1,1,1,1,1,1
659,C->G->E->A->F,1,1,1,1,1,1
660,C->G->E->D->A->B->F,1,1,1,1,1,1
661,C->G->E->D->A->F,1,1,1,1,1,1
662,C->G->E->D->B->A->F,1,1,1,1,1,1
663,C->G->E->D->B->F,1,1,1,1,1,1
664,C->A->B->D->E->F,1,1,1,1,1,1
665,C->A->B->D->G->E->F,1,1,1,1,1,1
666,C->A->B->F,1,1,1,1,1,1
667,C->A->E->F,1,1,1,1,1,1
668,C->A->E->D->B->F,1,1,1,1,1,1
669,C->A->E->G->D->B->F,1,1,1,1,1,1
670,C->A->D->B->F,1,1,1,1,1,1
671,C->A->D->E->F,1,1,1,1,1,1
672,C->A->D->G->E->F,1,1,1,1,1,1
673,C->A->F,1,1,1,1,1,1
674,C->F,1,1,1,1,1,1
675,C->E->F->A->B->D->G,1,1,1,1,1,1
676,C->E->F->A->D->G,1,1,1,1,1,1
677,C->E->F->B->A->D->G,1,1,1,1,1,1
678,C->E->F->B->D->G,1,1,1,1,1,1
679,C->E->A->B->D->G,1,1,1,1,1,1
680,C->E->A->D->G,1,1,1,1,1,1
681,C->E->A->F->B->D->G,1,1,1,1,1,1
682,C->E->D->G,1,1,1,1,1,1
683,C->E->G,1,1,1,1,1,1
684,C->G,1,1,1,1,1,1
685,C->A->B->D->E->G,1,1,1,1,1,1
686,C->A->B->D->G,1,1,1,1,1,1
687,C->A->B->F->E->D->G,1,1,1,1,1,1
688,C->A->B->F->E->G,1,1,1,1,1,1
689,C->A->E->F->B->D->G,1,1,1,1,1,1
690,C->A->E->D->G,1,1,1,1,1,1
691,C->A->E->G,1,1,1,1,1,1
692,C->A->D->B->F->E->G,1,1,1,1,1,1
693,C->A->D->E->G,1,1,1,1,1,1
694,C->A->D->G,1,1,1,1,1,1
695,C->A->F->B->D->E->G,1,1,1,1,1,1
696,C->A->F->B->D->G,1,1,1,1,1,1
697,C->A->F->E->D->G,1,1,1,1,1,1
698,C->A->F->E->G,1,1,1,1,1,1
699,C->F->A->B->D->E->G,1,1,1,1,1,1
700,C->F->A->B->D->G,1,1,1,1,1,1
701,C->F->A->E->D->G,1,1,1,1,1,1
702,C->F->A->E->G,1,1,1,1,1,1
703,C->F->A->D->E->G,1,1,1,1,1,1
704,C->F->A->D->G,1,1,1,1,1,1
705,C->F->B->A->E->D->G,1,1,1,1,1,1
706,C->F->B->A->E->G,1,1,1,1,1,1
707,C->F->B->A->D->E->G,1,1,1,1,1,1
708,C->F->B->A->D->G,1,1,1,1,1,1
709,C->F->B->D->A->E->G,1,1,1,1,1,1
710,C->F->B->D->E->G,1,1,1,1,1,1
711,C->F->B->D->G,1,1,1,1,1,1
712,C->F->E->A->B->D->G,1,1,1,1,1,1
713,C->F->E->A->D->G,1,1,1,1,1,1
714,C->F->E->D->G,1,1,1,1,1,1
715,C->F->E->G,1,1,1,1,1,1
716,D->A,1,1,1,1,1,1
717,D->B->A,1,1,1,1,1,1
718,D->B->F->A,1,1,1,1,1,1
719,D->B->F->C->E->A,1,1,1,1,1,1
720,D->B->F->C->G->E->A,1,1,1,1,1,1
721,D->B->F->C->A,1,1,1,1,1,1
722,D->B->F->E->C->A,1,1,1,1,1,1
723,D->B->F->E->A,1,1,1,1,1,1
724,D->B->F->E->G->C->A,1,1,1,1,1,1
725,D->E->C->A,1,1,1,1,1,1
726,D->E->C->F->A,1,1,1,1,1,1
727,D->E->C->F->B->A,1,1,1,1,1,1
728,D->E->F->A,1,1,1,1,1,1
729,D->E->F->B->A,1,1,1,1,1,1
730,D->E->F->C->A,1,1,1,1,1,1
731,D->E->A,1,1,1,1,1,1
732,D->E->G->C->A,1,1,1,1,1,1
733,D->E->G->C->F->A,1,1,1,1,1,1
734,D->E->G->C->F->B->A,1,1,1,1,1,1
735,D->G->C->E->F->A,1,1,1,1,1,1
736,D->G->C->E->F->B->A,1,1,1,1,1,1
737,D->G->C->E->A,1,1,1,1,1,1
738,D->G->C->A,1,1,1,1,1,1
739,D->G->C->F->A,1,1,1,1,1,1
740,D->G->C->F->B->A,1,1,1,1,1,1
741,D->G->C->F->E->A,1,1,1,1,1,1
742,D->G->E->C->A,1,1,1,1,1,1
743,D->G->E->C->F->A,1,1,1,1,1,1
744,D->G->E->C->F->B->A,1,1,1,1,1,1
745,D->G->E->F->A,1,1,1,1,1,1
746,D->G->E->F->B->A,1,1,1,1,1,1
747,D->G->E->F->C->A,1,1,1,1,1,1
748,D->G->E->A,1,1,1,1,1,1
749,D->A->B,1,1,1,1,1,1
750,D->A->C->E->F->B,1,1,1,1,1,1
751,D->A->C->G->E->F->B,1,1,1,1,1,1
752,D->A->C->F->B,1,1,1,1,1,1
753,D->A->E->C->F->B,1,1,1,1,1,1
754,D->A->E->F->B,1,1,1,1,1,1
755,D->A->E->G->C->F->B,1,1,1,1,1,1
756,D->A->F->B,1,1,1,1,1,1
757,D->B,1,1,1,1,1,1
758,D->E->C->A->B,1,1,1,1,1,1
759,D->E->C->A->F->B,1,1,1,1,1,1
760,D->E->C->F->A->B,1,1,1,1,1,1
761,D->E->C->F->B,1,1,1,1,1,1
762,D->E->F->A->B,1,1,1,1,1,1
763,D->E->F->B,1,1,1,1,1,1
764,D->E->F->C->A->B,1,1,1,1,1,1
765,D->E->A->B,1,1,1,1,1,1
766,D->E->A->C->F->B,1,1,1,1,1,1
767,D->E->A->F->B,1,1,1,1,1,1
768,D->E->G->C->A->B,1,1,1,1,1,1
769,D->E->G->C->A->F->B,1,1,1,1,1,1
770,D->E->G->C->F->A->B,1,1,1,1,1,1
771,D->E->G->C->F->B,1,1,1,1,1,1
772,D->G->C->E->F->A->B,1,1,1,1,1,1
773,D->G->C->E->F->B,1,1,1,1,1,1
774,D->G->C->E->A->B,1,1,1,1,1,1
775,D->G->C->E->A->F->B,1,1,1,1,1,1
776,D->G->C->A->B,1,1,1,1,1,1
777,D->G->C->A->E->F->B,1,1,1,1,1,1
778,D->G->C->A->F->B,1,1,1,1,1,1
779,D->G->C->F->A->B,1,1,1,1,1,1
780,D->G->C->F->B,1,1,1,1,1,1
781,D->G->C->F->E->A->B,1,1,1,1,1,1
782,D->G->E->C->A->B,1,1,1,1,1,1
783,D->G->E->C->A->F->B,1,1,1,1,1,1
784,D->G->E->C->F->A->B,1,1,1,1,1,1
785,D->G->E->C->F->B,1,1,1,1,1,1
786,D->G->E->F->A->B,1,1,1,1,1,1
787,D->G->E->F->B,1,1,1,1,1,1
788,D->G->E->F->C->A->B,1,1,1,1,1,1
789,D->G->E->A->B,1,1,1,1,1,1
790,D->G->E->A->C->F->B,1,1,1,1,1,1
791,D->G->E->A->F->B,1,1,1,1,1,1
792,D->A->B->F->C,1,1,1,1,1,1
793,D->A->B->F->E->C,1,1,1,1,1,1
794,D->A->B->F->E->G->C,1,1,1,1,1,1
795,D->A->C,1,1,1,1,1,1
796,D->A->E->C,1,1,1,1,1,1
797,D->A->E->F->C,1,1,1,1,1,1
798,D->A->E->G->C,1,1,1,1,1,1
799,D->A->F->C,1,1,1,1,1,1
800,D->A->F->E->C,1,1,1,1,1,1
801,D->A->F->E->G->C,1,1,1,1,1,1
802,D->B->A->C,1,1,1,1,1,1
803,D->B->A->E->C,1,1,1,1,1,1
804,D->B->A->E->F->C,1,1,1,1,1,1
805,D->B->A->E->G->C,1,1,1,1,1,1
806,D->B->A->F->C,1,1,1,1,1,1
807,D->B->A->F->E->C,1,1,1,1,1,1
808,D->B->A->F->E->G->C,1,1,1,1,1,1
809,D->B->F->A->C,1,1,1,1,1,1
810,D->B->F->A->E->C,1,1,1,1,1,1
811,D->B->F->A->E->G->C,1,1,1,1,1,1
812,D->B->F->C,1,1,1,1,1,1
813,D->B->F->E->C,1,1,1,1,1,1
814,D->B->F->E->A->C,1,1,1,1,1,1
815,D->B->F->E->G->C,1,1,1,1,1,1
816,D->E->C,1,1,1,1,1,1
817,D->E->F->A->C,1,1,1,1,1,1
818,D->E->F->B->A->C,1,1,1,1,1,1
819,D->E->F->C,1,1,1,1,1,1
820,D->E->A->B->F->C,1,1,1,1,1,1
821,D->E->A->C,1,1,1,1,1,1
822,D->E->A->F->C,1,1,1,1,1,1
823,D->E->G->C,1,1,1,1,1,1
824,D->G->C,1,1,1,1,1,1
825,D->G->E->C,1,1,1,1,1,1
826,D->G->E->F->A->C,1,1,1,1,1,1
827,D->G->E->F->B->A->C,1,1,1,1,1,1
828,D->G->E->F->C,1,1,1,1,1,1
829,D->G->E->A->B->F->C,1,1,1,1,1,1
830,D->G->E->A->C,1,1,1,1,1,1
831,D->G->E->A->F->C,1,1,1,1,1,1
832,D->A->B->F->C->E,1,1,1,1,1,1
833,D->A->B->F->C->G->E,1,1,1,1,1,1
834,D->A->B->F->E,1,1,1,1,1,1
835,D->A->C->E,1,1,1,1,1,1
836,D->A->C->G->E,1,1,1,1,1,1
837,D->A->C->F->E,1,1,1,1,1,1
838,D->A->E,1,1,1,1,1,1
839,D->A->F->C->E,1,1,1,1,1,1
840,D->A->F->C->G->E,1,1,1,1,1,1
841,D->A->F->E,1,1,1,1,1,1
842,D->B->A->C->E,1,1,1,1,1,1
843,D->B->A->C->G->E,1,1,1,1,1,1
844,D->B->A->C->F->E,1,1,1,1,1,1
845,D->B->A->E,1,1,1,1,1,1
846,D->B->A->F->C->E,1,1,1,1,1,1
847,D->B->A->F->C->G->E,1,1,1,1,1,1
848,D->B->A->F->E,1,1,1,1,1,1
849,D->B->F->A->C->E,1,1,1,1,1,1
850,D->B->F->A->C->G->E,1,1,1,1,1,1
851,D->B->F->A->E,1,1,1,1,1,1
852,D->B->F->C->E,1,1,1,1,1,1
853,D->B->F->C->G->E,1,1,1,1,1,1
854,D->B->F->C->A->E,1,1,1,1,1,1
855,D->B->F->E,1,1,1,1,1,1
856,D->E,1,1,1,1,1,1
857,D->G->C->E,1,1,1,1,1,1
858,D->G->C->A->B->F->E,1,1,1,1,1,1
859,D->G->C->A->E,1,1,1,1,1,1
860,D->G->C->A->F->E,1,1,1,1,1,1
861,D->G->C->F->A->E,1,1,1,1,1,1
862,D->G->C->F->B->A->E,1,1,1,1,1,1
863,D->G->C->F->E,1,1,1,1,1,1
864,D->G->E,1,1,1,1,1,1
865,D->A->B->F,1,1,1,1,1,1
866,D->A->C->E->F,1,1,1,1,1,1
867,D->A->C->G->E->F,1,1,1,1,1,1
868,D->A->C->F,1,1,1,1,1,1
869,D->A->E->C->F,1,1,1,1,1,1
870,D->A->E->F,1,1,1,1,1,1
871,D->A->E->G->C->F,1,1,1,1,1,1
872,D->A->F,1,1,1,1,1,1
873,D->B->A->C->E->F,1,1,1,1,1,1
874,D->B->A->C->G->E->F,1,1,1,1,1,1
875,D->B->A->C->F,1,1,1,1,1,1
876,D->B->A->E->C->F,1,1,1,1,1,1
877,D->B->A->E->F,1,1,1,1,1,1
878,D->B->A->E->G->C->F,1,1,1,1,1,1
879,D->B->A->F,1,1,1,1,1,1
880,D->B->F,1,1,1,1,1,1
881,D->E->C->A->B->F,1,1,1,1,1,1
882,D->E->C->A->F,1,1,1,1,1,1
883,D->E->C->F,1,1,1,1,1,1
884,D->E->F,1,1,1,1,1,1
885,D->E->A->B->F,1,1,1,1,1,1
886,D->E->A->C->F,1,1,1,1,1,1
887,D->E->A->F,1,1,1,1,1,1
888,D->E->G->C->A->B->F,1,1,1,1,1,1
889,D->E->G->C->A->F,1,1,1,1,1,1
890,D->E->G->C->F,1,1,1,1,1,1
891,D->G->C->E->F,1,1,1,1,1,1
892,D->G->C->E->A->B->F,1,1,1,1,1,1
893,D->G->C->E->A->F,1,1,1,1,1,1
894,D->G->C->A->B->F,1,1,1,1,1,1
895,D->G->C->A->E->F,1,1,1,1,1,1
896,D->G->C->A->F,1,1,1,1,1,1
897,D->G->C->F,1,1,1,1,1,1
898,D->G->E->C->A->B->F,1,1,1,1,1,1
899,D->G->E->C->A->F,1,1,1,1,1,1
900,D->G->E->C->F,1,1,1,1,1,1
901,D->G->E->F,1,1,1,1,1,1
902,D->G->E->A->B->F,1,1,1,1,1,1
903,D->G->E->A->C->F,1,1,1,1,1,1
904,D->G->E->A->F,1,1,1,1,1,1
905,D->A->B->F->C->E->G,1,1,1,1,1,1
906,D->A->B->F->C->G,1,1,1,1,1,1
907,D->A->B->F->E->C->G,1,1,1,1,1,1
908,D->A->B->F->E->G,1,1,1,1,1,1
909,D->A->C->E->G,1,1,1,1,1,1
910,D->A->C->G,1,1,1,1,1,1
911,D->A->C->F->E->G,1,1,1,1,1,1
912,D->A->E->C->G,1,1,1,1,1,1
913,D->A->E->F->C->G,1,1,1,1,1,1
914,D->A->E->G,1,1,1,1,1,1
915,D->A->F->C->E->G,1,1,1,1,1,1
916,D->A->F->C->G,1,1,1,1,1,1
917,D->A->F->E->C->G,1,1,1,1,1,1
918,D->A->F->E->G,1,1,1,1,1,1
919,D->B->A->C->E->G,1,1,1,1,1,1
920,D->B->A->C->G,1,1,1,1,1,1
921,D->B->A->C->F->E->G,1,1,1,1,1,1
922,D->B->A->E->C->G,1,1,1,1,1,1
923,D->B->A->E->F->C->G,1,1,1,1,1,1
924,D->B->A->E->G,1,1,1,1,1,1
925,D->B->A->F->C->E->G,1,1,1,1,1,1
926,D->B->A->F->C->G,1,1,1,1,1,1
927,D->B->A->F->E->C->G,1,1,1,1,1,1
928,D->B->A->F->E->G,1,1,1,1,1,1
929,D->B->F->A->C->E->G,1,1,1,1,1,1
930,D->B->F->A->C->G,1,1,1,1,1,1
931,D->B->F->A->E->C->G,1,1,1,1,1,1
932,D->B->F->A->E->G,1,1,1,1,1,1
933,D->B->F->C->E->G,1,1,1,1,1,1
934,D->B->F->C->G,1,1,1,1,1,1
935,D->B->F->C->A->E->G,1,1,1,1,1,1
936,D->B->F->E->C->G,1,1,1,1,1,1
937,D->B->F->E->A->C->G,1,1,1,1,1,1
938,D->B->F->E->G,1,1,1,1,1,1
939,D->E->C->G,1,1,1,1,1,1
940,D->E->F->A->C->G,1,1,1,1,1,1
941,D->E->F->B->A->C->G,1,1,1,1,1,1
942,D->E->F->C->G,1,1,1,1,1,1
943,D->E->A->B->F->C->G,1,1,1,1,1,1
944,D->E->A->C->G,1,1,1,1,1,1
945,D->E->A->F->C->G,1,1,1,1,1,1
946,D->E->G,1,1,1,1,1,1
947,D->G,1,1,1,1,1,1
948,E->C->G->D->A,1,1,1,1,1,1
949,E->C->G->D->B->A,1,1,1,1,1,1
950,E->C->G->D->B->F->A,1,1,1,1,1,1
951,E->C->A,1,1,1,1,1,1
952,E->C->F->A,1,1,1,1,1,1
953,E->C->F->B->A,1,1,1,1,1,1
954,E->C->F->B->D->A,1,1,1,1,1,1
955,E->F->A,1,1,1,1,1,1
956,E->F->B->A,1,1,1,1,1,1
957,E->F->B->D->A,1,1,1,1,1,1
958,E->F->B->D->G->C->A,1,1,1,1,1,1
959,E->F->C->G->D->A,1,1,1,1,1,1
960,E->F->C->G->D->B->A,1,1,1,1,1,1
961,E->F->C->A,1,1,1,1,1,1
962,E->A,1,1,1,1,1,1
963,E->D->A,1,1,1,1,1,1
964,E->D->B->A,1,1,1,1,1,1
965,E->D->B->F->A,1,1,1,1,1,1
966,E->D->B->F->C->A,1,1,1,1,1,1
967,E->D->G->C->A,1,1,1,1,1,1
968,E->D->G->C->F->A,1,1,1,1,1,1
969,E->D->G->C->F->B->A,1,1,1,1,1,1
970,E->G->C->A,1,1,1,1,1,1
971,E->G->C->F->A,1,1,1,1,1,1
972,E->G->C->F->B->A,1,1,1,1,1,1
973,E->G->C->F->B->D->A,1,1,1,1,1,1
974,E->G->D->A,1,1,1,1,1,1
975,E->G->D->B->A,1,1,1,1,1,1
976,E->G->D->B->F->A,1,1,1,1,1,1
977,E->G->D->B->F->C->A,1,1,1,1,1,1
978,E->C->G->D->A->B,1,1,1,1,1,1
979,E->C->G->D->A->F->B,1,1,1,1,1,1
980,E->C->G->D->B,1,1,1,1,1,1
981,E->C->A->B,1,1,1,1,1,1
982,E->C->A->D->B,1,1,1,1,1,1
983,E->C->A->F->B,1,1,1,1,1,1
984,E->C->F->A->B,1,1,1,1,1,1
985,E->C->F->A->D->B,1,1,1,1,1,1
986,E->C->F->B,1,1,1,1,1,1
987,E->F->A->B,1,1,1,1,1,1
988,E->F->A->C->G->D->B,1,1,1,1,1,1
989,E->F->A->D->B,1,1,1,1,1,1
990,E->F->B,1,1,1,1,1,1
991,E->F->C->G->D->A->B,1,1,1,1,1,1
992,E->F->C->G->D->B,1,1,1,1,1,1
993,E->F->C->A->B,1,1,1,1,1,1
994,E->F->C->A->D->B,1,1,1,1,1,1
995,E->A->B,1,1,1,1,1,1
996,E->A->C->G->D->B,1,1,1,1,1,1
997,E->A->C->F->B,1,1,1,1,1,1
998,E->A->D->B,1,1,1,1,1,1
999,E->A->D->G->C->F->B,1,1,1,1,1,1
1000,E->A->F->B,1,1,1,1,1,1
1001,E->A->F->C->G->D->B,1,1,1,1,1,1
1002,E->D->A->B,1,1,1,1,1,1
1003,E->D->A->C->F->B,1,1,1,1,1,1
1004,E->D->A->F->B,1,1,1,1,1,1
1005,E->D->B,1,1,1,1,1,1
1006,E->D->G->C->A->B,1,1,1,1,1,1
1007,E->D->G->C->A->F->B,1,1,1,1,1,1
1008,E->D->G->C->F->A->B,1,1,1,1,1,1
1009,E->D->G->C->F->B,1,1,1,1,1,1
1010,E->G->C->A->B,1,1,1,1,1,1
1011,E->G->C->A->D->B,1,1,1,1,1,1
1012,E->G->C->A->F->B,1,1,1,1,1,1
1013,E->G->C->F->A->B,1,1,1,1,1,1
1014,E->G->C->F->A->D->B,1,1,1,1,1,1
1015,E->G->C->F->B,1,1,1,1,1,1
1016,E->G->D->A->B,1,1,1,1,1,1
1017,E->G->D->A->C->F->B,1,1,1,1,1,1
1018,E->G->D->A->F->B,1,1,1,1,1,1
1019,E->G->D->B,1,1,1,1,1,1
1020,E->C,1,1,1,1,1,1
1021,E->F->A->B->D->G->C,1,1,1,1,1,1
1022,E->F->A->C,1,1,1,1,1,1
1023,E->F->A->D->G->C,1,1,1,1,1,1
1024,E->F->B->A->C,1,1,1,1,1,1
1025,E->F->B->A->D->G->C,1,1,1,1,1,1
1026,E->F->B->D->A->C,1,1,1,1,1,1
1027,E->F->B->D->G->C,1,1,1,1,1,1
1028,E->F->C,1,1,1,1,1,1
1029,E->A->B->D->G->C,1,1,1,1,1,1
1030,E->A->B->F->C,1,1,1,1,1,1
1031,E->A->C,1,1,1,1,1,1
1032,E->A->D->B->F->C,1,1,1,1,1,1
1033,E->A->D->G->C,1,1,1,1,1,1
1034,E->A->F->B->D->G->C,1,1,1,1,1,1
1035,E->A->F->C,1,1,1,1,1,1
1036,E->D->A->B->F->C,1,1,1,1,1,1
1037,E->D->A->C,1,1,1,1,1,1
1038,E->D->A->F->C,1,1,1,1,1,1
1039,E->D->B->A->C,1,1,1,1,1,1
1040,E->D->B->A->F->C,1,1,1,1,1,1
1041,E->D->B->F->A->C,1,1,1,1,1,1
1042,E->D->B->F->C,1,1,1,1,1,1
1043,E->D->G->C,1,1,1,1,1,1
1044,E->G->C,1,1,1,1,1,1
1045,E->G->D->A->B->F->C,1,1,1,1,1,1
1046,E->G->D->A->C,1,1,1,1,1,1
1047,E->G->D->A->F->C,1,1,1,1,1,1
1048,E->G->D->B->A->C,1,1,1,1,1,1
1049,E->G->D->B->A->F->C,1,1,1,1,1,1
1050,E->G->D->B->F->A->C,1,1,1,1,1,1
1051,E->G->D->B->F->C,1,1,1,1,1,1
1052,E->C->G->D,1,1,1,1,1,1
1053,E->C->A->B->D,1,1,1,1,1,1
1054,E->C->A->D,1,1,1,1,1,1
1055,E->C->A->F->B->D,1,1,1,1,1,1
1056,E->C->F->A->B->D,1,1,1,1,1,1
1057,E->C->F->A->D,1,1,1,1,1,1
1058,E->C->F->B->A->D,1,1,1,1,1,1
1059,E->C->F->B->D,1,1,1,1,1,1
1060,E->F->A->B->D,1,1,1,1,1,1
1061,E->F->A->C->G->D,1,1,1,1,1,1
1062,E->F->A->D,1,1,1,1,1,1
1063,E->F->B->A->C->G->D,1,1,1,1,1,1
1064,E->F->B->A->D,1,1,1,1,1,1
1065,E->F->B->D,1,1,1,1,1,1
1066,E->F->C->G->D,1,1,1,1,1,1
1067,E->F->C->A->B->D,1,1,1,1,1,1
1068,E->F->C->A->D,1,1,1,1,1,1
1069,E->A->B->D,1,1,1,1,1,1
1070,E->A->B->F->C->G->D,1,1,1,1,1,1
1071,E->A->C->G->D,1,1,1,1,1,1
1072,E->A->C->F->B->D,1,1,1,1,1,1
1073,E->A->D,1,1,1,1,1,1
1074,E->A->F->B->D,1,1,1,1,1,1
1075,E->A->F->C->G->D,1,1,1,1,1,1
1076,E->D,1,1,1,1,1,1
1077,E->G->C->A->B->D,1,1,1,1,1,1
1078,E->G->C->A->D,1,1,1,1,1,1
1079,E->G->C->A->F->B->D,1,1,1,1,1,1
1080,E->G->C->F->A->B->D,1,1,1,1,1,1
1081,E->G->C->F->A->D,1,1,1,1,1,1
1082,E->G->C->F->B->A->D,1,1,1,1,1,1
1083,E->G->C->F->B->D,1,1,1,1,1,1
1084,E->G->D,1,1,1,1,1,1
1085,E->C->G->D->A->B->F,1,1,1,1,1,1
1086,E->C->G->D->A->F,1,1,1,1,1,1
1087,E->C->G->D->B->A->F,1,1,1,1,1,1
1088,E->C->G->D->B->F,1,1,1,1,1,1
1089,E->C->A->B->F,1,1,1,1,1,1
1090,E->C->A->D->B->F,1,1,1,1,1,1
1091,E->C->A->F,1,1,1,1,1,1
1092,E->C->F,1,1,1,1,1,1
1093,E->F,1,1,1,1,1,1
1094,E->A->B->D->G->C->F,1,1,1,1,1,1
1095,E->A->B->F,1,1,1,1,1,1
1096,E->A->C->G->D->B->F,1,1,1,1,1,1
1097,E->A->C->F,1,1,1,1,1,1
1098,E->A->D->B->F,1,1,1,1,1,1
1099,E->A->D->G->C->F,1,1,1,1,1,1
1100,E->A->F,1,1,1,1,1,1
1101,E->D->A->B->F,1,1,1,1,1,1
1102,E->D->A->C->F,1,1,1,1,1,1
1103,E->D->A->F,1,1,1,1,1,1
1104,E->D->B->A->C->F,1,1,1,1,1,1
1105,E->D->B->A->F,1,1,1,1,1,1
1106,E->D->B->F,1,1,1,1,1,1
1107,E->D->G->C->A->B->F,1,1,1,1,1,1
1108,E->D->G->C->A->F,1,1,1,1,1,1
1109,E->D->G->C->F,1,1,1,1,1,1
1110,E->G->C->A->B->F,1,1,1,1,1,1
1111,E->G->C->A->D->B->F,1,1,1,1,1,1
1112,E->G->C->A->F,1,1,1,1,1,1
1113,E->G->C->F,1,1,1,1,1,1
1114,E->G->D->A->B->F,1,1,1,1,1,1
1115,E->G->D->A->C->F,1,1,1,1,1,1
1116,E->G->D->A->F,1,1,1,1,1,1
1117,E->G->D->B->A->C->F,1,1,1,1,1,1
1118,E->G->D->B->A->F,1,1,1,1,1,1
1119,E->G->D->B->F,1,1,1,1,1,1
1120,E->C->G,1,1,1,1,1,1
1121,E->C->A->B->D->G,1,1,1,1,1,1
1122,E->C->A->D->G,1,1,1,1,1,1
1123,E->C->A->F->B->D->G,1,1,1,1,1,1
1124,E->C->F->A->B->D->G,1,1,1,1,1,1
1125,E->C->F->A->D->G,1,1,1,1,1,1
1126,E->C->F->B->A->D->G,1,1,1,1,1,1
1127,E->C->F->B->D->G,1,1,1,1,1,1
1128,E->F->A->B->D->G,1,1,1,1,1,1
1129,E->F->A->C->G,1,1,1,1,1,1
1130,E->F->A->D->G,1,1,1,1,1,1
1131,E->F->B->A->C->G,1,1,1,1,1,1
1132,E->F->B->A->D->G,1,1,1,1,1,1
1133,E->F->B->D->A->C->G,1,1,1,1,1,1
1134,E->F->B->D->G,1,1,1,1,1,1
1135,E->F->C->G,1,1,1,1,1,1
1136,E->F->C->A->B->D->G,1,1,1,1,1,1
1137,E->F->C->A->D->G,1,1,1,1,1,1
1138,E->A->B->D->G,1,1,1,1,1,1
1139,E->A->B->F->C->G,1,1,1,1,1,1
1140,E->A->C->G,1,1,1,1,1,1
1141,E->A->C->F->B->D->G,1,1,1,1,1,1
1142,E->A->D->B->F->C->G,1,1,1,1,1,1
1143,E->A->D->G,1,1,1,1,1,1
1144,E->A->F->B->D->G,1,1,1,1,1,1
1145,E->A->F->C->G,1,1,1,1,1,1
1146,E->D->A->B->F->C->G,1,1,1,1,1,1
1147,E->D->A->C->G,1,1,1,1,1,1
1148,E->D->A->F->C->G,1,1,1,1,1,1
1149,E->D->B->A->C->G,1,1,1,1,1,1
1150,E->D->B->A->F->C->G,1,1,1,1,1,1
1151,E->D->B->F->A->C->G,1,1,1,1,1,1
1152,E->D->B->F->C->G,1,1,1,1,1,1
1153,E->D->G,1,1,1,1,1,1
1154,E->G,1,1,1,1,1,1
1155,F->A,1,1,1,1,1,1
1156,F->B->A,1,1,1,1,1,1
1157,F->B->D->A,1,1,1,1,1,1
1158,F->B->D->E->C->A,1,1,1,1,1,1
1159,F->B->D->E->A,1,1,1,1,1,1
1160,F->B->D->E->G->C->A,1,1,1,1,1,1
1161,F->B->D->G->C->E->A,1,1,1,1,1,1
1162,F->B->D->G->C->A,1,1,1,1,1,1
1163,F->B->D->G->E->C->A,1,1,1,1,1,1
1164,F->B->D->G->E->A,1,1,1,1,1,1
1165,F->C->E->A,1,1,1,1,1,1
1166,F->C->E->D->A,1,1,1,1,1,1
1167,F->C->E->D->B->A,1,1,1,1,1,1
1168,F->C->E->G->D->A,1,1,1,1,1,1
1169,F->C->E->G->D->B->A,1,1,1,1,1,1
1170,F->C->G->D->A,1,1,1,1,1,1
1171,F->C->G->D->B->A,1,1,1,1,1,1
1172,F->C->G->D->E->A,1,1,1,1,1,1
1173,F->C->G->E->A,1,1,1,1,1,1
1174,F->C->G->E->D->A,1,1,1,1,1,1
1175,F->C->G->E->D->B->A,1,1,1,1,1,1
1176,F->C->A,1,1,1,1,1,1
1177,F->E->C->G->D->A,1,1,1,1,1,1
1178,F->E->C->G->D->B->A,1,1,1,1,1,1
1179,F->E->C->A,1,1,1,1,1,1
1180,F->E->A,1,1,1,1,1,1
1181,F->E->D->A,1,1,1,1,1,1
1182,F->E->D->B->A,1,1,1,1,1,1
1183,F->E->D->G->C->A,1,1,1,1,1,1
1184,F->E->G->C->A,1,1,1,1,1,1
1185,F->E->G->D->A,1,1,1,1,1,1
1186,F->E->G->D->B->A,1,1,1,1,1,1
1187,F->A->B,1,1,1,1,1,1
1188,F->A->C->E->D->B,1,1,1,1,1,1
1189,F->A->C->E->G->D->B,1,1,1,1,1,1
1190,F->A->C->G->D->B,1,1,1,1,1,1
1191,F->A->C->G->E->D->B,1,1,1,1,1,1
1192,F->A->E->C->G->D->B,1,1,1,1,1,1
1193,F->A->E->D->B,1,1,1,1,1,1
1194,F->A->E->G->D->B,1,1,1,1,1,1
1195,F->A->D->B,1,1,1,1,1,1
1196,F->B,1,1,1,1,1,1
1197,F->C->E->A->B,1,1,1,1,1,1
1198,F->C->E->A->D->B,1,1,1,1,1,1
1199,F->C->E->D->A->B,1,1,1,1,1,1
1200,F->C->E->D->B,1,1,1,1,1,1
1201,F->C->E->G->D->A->B,1,1,1,1,1,1
1202,F->C->E->G->D->B,1,1,1,1,1,1
1203,F->C->G->D->A->B,1,1,1,1,1,1
1204,F->C->G->D->B,1,1,1,1,1,1
1205,F->C->G->D->E->A->B,1,1,1,1,1,1
1206,F->C->G->E->A->B,1,1,1,1,1,1
1207,F->C->G->E->A->D->B,1,1,1,1,1,1
1208,F->C->G->E->D->A->B,1,1,1,1,1,1
1209,F->C->G->E->D->B,1,1,1,1,1,1
1210,F->C->A->B,1,1,1,1,1,1
1211,F->C->A->E->D->B,1,1,1,1,1,1
1212,F->C->A->E->G->D->B,1,1,1,1,1,1
1213,F->C->A->D->B,1,1,1,1,1,1
1214,F->E->C->G->D->A->B,1,1,1,1,1,1
1215,F->E->C->G->D->B,1,1,1,1,1,1
1216,F->E->C->A->B,1,1,1,1,1,1
1217,F->E->C->A->D->B,1,1,1,1,1,1
1218,F->E->A->B,1,1,1,1,1,1
1219,F->E->A->C->G->D->B,1,1,1,1,1,1
1220,F->E->A->D->B,1,1,1,1,1,1
1221,F->E->D->A->B,1,1,1,1,1,1
1222,F->E->D->B,1,1,1,1,1,1
1223,F->E->D->G->C->A->B,1,1,1,1,1,1
1224,F->E->G->C->A->B,1,1,1,1,1,1
1225,F->E->G->C->A->D->B,1,1,1,1,1,1
1226,F->E->G->D->A->B,1,1,1,1,1,1
1227,F->E->G->D->B,1,1,1,1,1,1
1228,F->A->B->D->E->C,1,1,1,1,1,1
1229,F->A->B->D->E->G->C,1,1,1,1,1,1
1230,F->A->B->D->G->C,1,1,1,1,1,1
1231,F->A->B->D->G->E->C,1,1,1,1,1,1
1232,F->A->C,1,1,1,1,1,1
1233,F->A->E->C,1,1,1,1,1,1
1234,F->A->E->D->G->C,1,1,1,1,1,1
1235,F->A->E->G->C,1,1,1,1,1,1
1236,F->A->D->E->C,1,1,1,1,1,1
1237,F->A->D->E->G->C,1,1,1,1,1,1
1238,F->A->D->G->C,1,1,1,1,1,1
1239,F->A->D->G->E->C,1,1,1,1,1,1
1240,F->B->A->C,1,1,1,1,1,1
1241,F->B->A->E->C,1,1,1,1,1,1
1242,F->B->A->E->D->G->C,1,1,1,1,1,1
1243,F->B->A->E->G->C,1,1,1,1,1,1
1244,F->B->A->D->E->C,1,1,1,1,1,1
1245,F->B->A->D->E->G->C,1,1,1,1,1,1
1246,F->B->A->D->G->C,1,1,1,1,1,1
1247,F->B->A->D->G->E->C,1,1,1,1,1,1
1248,F->B->D->A->C,1,1,1,1,1,1
1249,F->B->D->A->E->C,1,1,1,1,1,1
1250,F->B->D->A->E->G->C,1,1,1,1,1,1
1251,F->B->D->E->C,1,1,1,1,1,1
1252,F->B->D->E->A->C,1,1,1,1,1,1
1253,F->B->D->E->G->C,1,1,1,1,1,1
1254,F->B->D->G->C,1,1,1,1,1,1
1255,F->B->D->G->E->C,1,1,1,1,1,1
1256,F->B->D->G->E->A->C,1,1,1,1,1,1
1257,F->C,1,1,1,1,1,1
1258,F->E->C,1,1,1,1,1,1
1259,F->E->A->B->D->G->C,1,1,1,1,1,1
1260,F->E->A->C,1,1,1,1,1,1
1261,F->E->A->D->G->C,1,1,1,1,1,1
1262,F->E->D->A->C,1,1,1,1,1,1
1263,F->E->D->B->A->C,1,1,1,1,1,1
1264,F->E->D->G->C,1,1,1,1,1,1
1265,F->E->G->C,1,1,1,1,1,1
1266,F->E->G->D->A->C,1,1,1,1,1,1
1267,F->E->G->D->B->A->C,1,1,1,1,1,1
1268,F->A->B->D,1,1,1,1,1,1
1269,F->A->C->E->D,1,1,1,1,1,1
1270,F->A->C->E->G->D,1,1,1,1,1,1
1271,F->A->C->G->D,1,1,1,1,1,1
1272,F->A->C->G->E->D,1,1,1,1,1,1
1273,F->A->E->C->G->D,1,1,1,1,1,1
1274,F->A->E->D,1,1,1,1,1,1
1275,F->A->E->G->D,1,1,1,1,1,1
1276,F->A->D,1,1,1,1,1,1
1277,F->B->A->C->E->D,1,1,1,1,1,1
1278,F->B->A->C->E->G->D,1,1,1,1,1,1
1279,F->B->A->C->G->D,1,1,1,1,1,1
1280,F->B->A->C->G->E->D,1,1,1,1,1,1
1281,F->B->A->E->C->G->D,1,1,1,1,1,1
1282,F->B->A->E->D,1,1,1,1,1,1
1283,F->B->A->E->G->D,1,1,1,1,1,1
1284,F->B->A->D,1,1,1,1,1,1
1285,F->B->D,1,1,1,1,1,1
1286,F->C->E->A->B->D,1,1,1,1,1,1
1287,F->C->E->A->D,1,1,1,1,1,1
1288,F->C->E->D,1,1,1,1,1,1
1289,F->C->E->G->D,1,1,1,1,1,1
1290,F->C->G->D,1,1,1,1,1,1
1291,F->C->G->E->A->B->D,1,1,1,1,1,1
1292,F->C->G->E->A->D,1,1,1,1,1,1
1293,F->C->G->E->D,1,1,1,1,1,1
1294,F->C->A->B->D,1,1,1,1,1,1
1295,F->C->A->E->D,1,1,1,1,1,1
1296,F->C->A->E->G->D,1,1,1,1,1,1
1297,F->C->A->D,1,1,1,1,1,1
1298,F->E->C->G->D,1,1,1,1,1,1
1299,F->E->C->A->B->D,1,1,1,1,1,1
1300,F->E->C->A->D,1,1,1,1,1,1
1301,F->E->A->B->D,1,1,1,1,1,1
1302,F->E->A->C->G->D,1,1,1,1,1,1
1303,F->E->A->D,1,1,1,1,1,1
1304,F->E->D,1,1,1,1,1,1
1305,F->E->G->C->A->B->D,1,1,1,1,1,1
1306,F->E->G->C->A->D,1,1,1,1,1,1
1307,F->E->G->D,1,1,1,1,1,1
1308,F->A->B->D->E,1,1,1,1,1,1
1309,F->A->B->D->G->C->E,1,1,1,1,1,1
1310,F->A->B->D->G->E,1,1,1,1,1,1
1311,F->A->C->E,1,1,1,1,1,1
1312,F->A->C->G->D->E,1,1,1,1,1,1
1313,F->A->C->G->E,1,1,1,1,1,1
1314,F->A->E,1,1,1,1,1,1
1315,F->A->D->E,1,1,1,1,1,1
1316,F->A->D->G->C->E,1,1,1,1,1,1
1317,F->A->D->G->E,1,1,1,1,1,1
1318,F->B->A->C->E,1,1,1,1,1,1
1319,F->B->A->C->G->D->E,1,1,1,1,1,1
1320,F->B->A->C->G->E,1,1,1,1,1,1
1321,F->B->A->E,1,1,1,1,1,1
1322,F->B->A->D->E,1,1,1,1,1,1
1323,F->B->A->D->G->C->E,1,1,1,1,1,1
1324,F->B->A->D->G->E,1,1,1,1,1,1
1325,F->B->D->A->C->E,1,1,1,1,1,1
1326,F->B->D->A->C->G->E,1,1,1,1,1,1
1327,F->B->D->A->E,1,1,1,1,1,1
1328,F->B->D->E,1,1,1,1,1,1
1329,F->B->D->G->C->E,1,1,1,1,1,1
1330,F->B->D->G->C->A->E,1,1,1,1,1,1
1331,F->B->D->G->E,1,1,1,1,1,1
1332,F->C->E,1,1,1,1,1,1
1333,F->C->G->D->A->E,1,1,1,1,1,1
1334,F->C->G->D->B->A->E,1,1,1,1,1,1
1335,F->C->G->D->E,1,1,1,1,1,1
1336,F->C->G->E,1,1,1,1,1,1
1337,F->C->A->B->D->E,1,1,1,1,1,1
1338,F->C->A->B->D->G->E,1,1,1,1,1,1
1339,F->C->A->E,1,1,1,1,1,1
1340,F->C->A->D->E,1,1,1,1,1,1
1341,F->C->A->D->G->E,1,1,1,1,1,1
1342,F->E,1,1,1,1,1,1
1343,F->A->B->D->E->C->G,1,1,1,1,1,1
1344,F->A->B->D->E->G,1,1,1,1,1,1
1345,F->A->B->D->G,1,1,1,1,1,1
1346,F->A->C->E->D->G,1,1,1,1,1,1
1347,F->A->C->E->G,1,1,1,1,1,1
1348,F->A->C->G,1,1,1,1,1,1
1349,F->A->E->C->G,1,1,1,1,1,1
1350,F->A->E->D->G,1,1,1,1,1,1
1351,F->A->E->G,1,1,1,1,1,1
1352,F->A->D->E->C->G,1,1,1,1,1,1
1353,F->A->D->E->G,1,1,1,1,1,1
1354,F->A->D->G,1,1,1,1,1,1
1355,F->B->A->C->E->D->G,1,1,1,1,1,1
1356,F->B->A->C->E->G,1,1,1,1,1,1
1357,F->B->A->C->G,1,1,1,1,1,1
1358,F->B->A->E->C->G,1,1,1,1,1,1
1359,F->B->A->E->D->G,1,1,1,1,1,1
1360,F->B->A->E->G,1,1,1,1,1,1
1361,F->B->A->D->E->C->G,1,1,1,1,1,1
1362,F->B->A->D->E->G,1,1,1,1,1,1
1363,F->B->A->D->G,1,1,1,1,1,1
1364,F->B->D->A->C->E->G,1,1,1,1,1,1
1365,F->B->D->A->C->G,1,1,1,1,1,1
1366,F->B->D->A->E->C->G,1,1,1,1,1,1
1367,F->B->D->A->E->G,1,1,1,1,1,1
1368,F->B->D->E->C->G,1,1,1,1,1,1
1369,F->B->D->E->A->C->G,1,1,1,1,1,1
1370,F->B->D->E->G,1,1,1,1,1,1
1371,F->B->D->G,1,1,1,1,1,1
1372,F->C->E->A->B->D->G,1,1,1,1,1,1
1373,F->C->E->A->D->G,1,1,1,1,1,1
1374,F->C->E->D->G,1,1,1,1,1,1
1375,F->C->E->G,1,1,1,1,1,1
1376,F->C->G,1,1,1,1,1,1
1377,F->C->A->B->D->E->G,1,1,1,1,1,1
1378,F->C->A->B->D->G,1,1,1,1,1,1
1379,F->C->A->E->D->G,1,1,1,1,1,1
1380,F->C->A->E->G,1,1,1,1,1,1
1381,F->C->A->D->E->G,1,1,1,1,1,1
1382,F->C->A->D->G,1,1,1,1,1,1
1383,F->E->C->G,1,1,1,1,1,1
1384,F->E->C->A->B->D->G,1,1,1,1,1,1
1385,F->E->C->A->D->G,1,1,1,1,1,1
1386,F->E->A->B->D->G,1,1,1,1,1,1
1387,F->E->A->C->G,1,1,1,1,1,1
1388,F->E->A->D->G,1,1,1,1,1,1
1389,F->E->D->A->C->G,1,1,1,1,1,1
1390,F->E->D->B->A->C->G,1,1,1,1,1,1
1391,F->E->D->G,1,1,1,1,1,1
1392,F->E->G,1,1,1,1,1,1
1393,G->C->E->F->A,1,1,1,1,1,1
1394,G->C->E->F->B->A,1,1,1,1,1,1
1395,G->C->E->F->B->D->A,1,1,1,1,1,1
1396,G->C->E->A,1,1,1,1,1,1
1397,G->C->E->D->A,1,1,1,1,1,1
1398,G->C->E->D->B->A,1,1,1,1,1,1
1399,G->C->E->D->B->F->A,1,1,1,1,1,1
1400,G->C->A,1,1,1,1,1,1
1401,G->C->F->A,1,1,1,1,1,1
1402,G->C->F->B->A,1,1,1,1,1,1
1403,G->C->F->B->D->A,1,1,1,1,1,1
1404,G->C->F->B->D->E->A,1,1,1,1,1,1
1405,G->C->F->E->A,1,1,1,1,1,1
1406,G->C->F->E->D->A,1,1,1,1,1,1
1407,G->C->F->E->D->B->A,1,1,1,1,1,1
1408,G->D->A,1,1,1,1,1,1
1409,G->D->B->A,1,1,1,1,1,1
1410,G->D->B->F->A,1,1,1,1,1,1
1411,G->D->B->F->C->E->A,1,1,1,1,1,1
1412,G->D->B->F->C->A,1,1,1,1,1,1
1413,G->D->B->F->E->C->A,1,1,1,1,1,1
1414,G->D->B->F->E->A,1,1,1,1,1,1
1415,G->D->E->C->A,1,1,1,1,1,1
1416,G->D->E->C->F->A,1,1,1,1,1,1
1417,G->D->E->C->F->B->A,1,1,1,1,1,1
1418,G->D->E->F->A,1,1,1,1,1,1
1419,G->D->E->F->B->A,1,1,1,1,1,1
1420,G->D->E->F->C->A,1,1,1,1,1,1
1421,G->D->E->A,1,1,1,1,1,1
1422,G->E->C->A,1,1,1,1,1,1
1423,G->E->C->F->A,1,1,1,1,1,1
1424,G->E->C->F->B->A,1,1,1,1,1,1
1425,G->E->C->F->B->D->A,1,1,1,1,1,1
1426,G->E->F->A,1,1,1,1,1,1
1427,G->E->F->B->A,1,1,1,1,1,1
1428,G->E->F->B->D->A,1,1,1,1,1,1
1429,G->E->F->C->A,1,1,1,1,1,1
1430,G->E->A,1,1,1,1,1,1
1431,G->E->D->A,1,1,1,1,1,1
1432,G->E->D->B->A,1,1,1,1,1,1
1433,G->E->D->B->F->A,1,1,1,1,1,1
1434,G->E->D->B->F->C->A,1,1,1,1,1,1
1435,G->C->E->F->A->B,1,1,1,1,1,1
1436,G->C->E->F->A->D->B,1,1,1,1,1,1
1437,G->C->E->F->B,1,1,1,1,1,1
1438,G->C->E->A->B,1,1,1,1,1,1
1439,G->C->E->A->D->B,1,1,1,1,1,1
1440,G->C->E->A->F->B,1,1,1,1,1,1
1441,G->C->E->D->A->B,1,1,1,1,1,1
1442,G->C->E->D->A->F->B,1,1,1,1,1,1
1443,G->C->E->D->B,1,1,1,1,1,1
1444,G->C->A->B,1,1,1,1,1,1
1445,G->C->A->E->F->B,1,1,1,1,1,1
1446,G->C->A->E->D->B,1,1,1,1,1,1
1447,G->C->A->D->B,1,1,1,1,1,1
1448,G->C->A->D->E->F->B,1,1,1,1,1,1
1449,G->C->A->F->B,1,1,1,1,1,1
1450,G->C->A->F->E->D->B,1,1,1,1,1,1
1451,G->C->F->A->B,1,1,1,1,1,1
1452,G->C->F->A->E->D->B,1,1,1,1,1,1
1453,G->C->F->A->D->B,1,1,1,1,1,1
1454,G->C->F->B,1,1,1,1,1,1
1455,G->C->F->E->A->B,1,1,1,1,1,1
1456,G->C->F->E->A->D->B,1,1,1,1,1,1
1457,G->C->F->E->D->A->B,1,1,1,1,1,1
1458,G->C->F->E->D->B,1,1,1,1,1,1
1459,G->D->A->B,1,1,1,1,1,1
1460,G->D->A->C->E->F->B,1,1,1,1,1,1
1461,G->D->A->C->F->B,1,1,1,1,1,1
1462,G->D->A->E->C->F->B,1,1,1,1,1,1
1463,G->D->A->E->F->B,1,1,1,1,1,1
1464,G->D->A->F->B,1,1,1,1,1,1
1465,G->D->B,1,1,1,1,1,1
1466,G->D->E->C->A->B,1,1,1,1,1,1
1467,G->D->E->C->A->F->B,1,1,1,1,1,1
1468,G->D->E->C->F->A->B,1,1,1,1,1,1
1469,G->D->E->C->F->B,1,1,1,1,1,1
1470,G->D->E->F->A->B,1,1,1,1,1,1
1471,G->D->E->F->B,1,1,1,1,1,1
1472,G->D->E->F->C->A->B,1,1,1,1,1,1
1473,G->D->E->A->B,1,1,1,1,1,1
1474,G->D->E->A->C->F->B,1,1,1,1,1,1
1475,G->D->E->A->F->B,1,1,1,1,1,1
1476,G->E->C->A->B,1,1,1,1,1,1
1477,G->E->C->A->D->B,1,1,1,1,1,1
1478,G->E->C->A->F->B,1,1,1,1,1,1
1479,G->E->C->F->A->B,1,1,1,1,1,1
1480,G->E->C->F->A->D->B,1,1,1,1,1,1
1481,G->E->C->F->B,1,1,1,1,1,1
1482,G->E->F->A->B,1,1,1,1,1,1
1483,G->E->F->A->D->B,1,1,1,1,1,1
1484,G->E->F->B,1,1,1,1,1,1
1485,G->E->F->C->A->B,1,1,1,1,1,1
1486,G->E->F->C->A->D->B,1,1,1,1,1,1
1487,G->E->A->B,1,1,1,1,1,1
1488,G->E->A->C->F->B,1,1,1,1,1,1
1489,G->E->A->D->B,1,1,1,1,1,1
1490,G->E->A->F->B,1,1,1,1,1,1
1491,G->E->D->A->B,1,1,1,1,1,1
1492,G->E->D->A->C->F->B,1,1,1,1,1,1
1493,G->E->D->A->F->B,1,1,1,1,1,1
1494,G->E->D->B,1,1,1,1,1,1
1495,G->C,1,1,1,1,1,1
1496,G->D->A->B->F->C,1,1,1,1,1,1
1497,G->D->A->B->F->E->C,1,1,1,1,1,1
1498,G->D->A->C,1,1,1,1,1,1
1499,G->D->A->E->C,1,1,1,1,1,1
1500,G->D->A->E->F->C,1,1,1,1,1,1
1501,G->D->A->F->C,1,1,1,1,1,1
1502,G->D->A->F->E->C,1,1,1,1,1,1
1503,G->D->B->A->C,1,1,1,1,1,1
1504,G->D->B->A->E->C,1,1,1,1,1,1
1505,G->D->B->A->E->F->C,1,1,1,1,1,1
1506,G->D->B->A->F->C,1,1,1,1,1,1
1507,G->D->B->A->F->E->C,1,1,1,1,1,1
1508,G->D->B->F->A->C,1,1,1,1,1,1
1509,G->D->B->F->A->E->C,1,1,1,1,1,1
1510,G->D->B->F->C,1,1,1,1,1,1
1511,G->D->B->F->E->C,1,1,1,1,1,1
1512,G->D->B->F->E->A->C,1,1,1,1,1,1
1513,G->D->E->C,1,1,1,1,1,1
1514,G->D->E->F->A->C,1,1,1,1,1,1
1515,G->D->E->F->B->A->C,1,1,1,1,1,1
1516,G->D->E->F->C,1,1,1,1,1,1
1517,G->D->E->A->B->F->C,1,1,1,1,1,1
1518,G->D->E->A->C,1,1,1,1,1,1
1519,G->D->E->A->F->C,1,1,1,1,1,1
1520,G->E->C,1,1,1,1,1,1
1521,G->E->F->A->C,1,1,1,1,1,1
1522,G->E->F->B->A->C,1,1,1,1,1,1
1523,G->E->F->B->D->A->C,1,1,1,1,1,1
1524,G->E->F->C,1,1,1,1,1,1
1525,G->E->A->B->F->C,1,1,1,1,1,1
1526,G->E->A->C,1,1,1,1,1,1
1527,G->E->A->D->B->F->C,1,1,1,1,1,1
1528,G->E->A->F->C,1,1,1,1,1,1
1529,G->E->D->A->B->F->C,1,1,1,1,1,1
1530,G->E->D->A->C,1,1,1,1,1,1
1531,G->E->D->A->F->C,1,1,1,1,1,1
1532,G->E->D->B->A->C,1,1,1,1,1,1
1533,G->E->D->B->A->F->C,1,1,1,1,1,1
1534,G->E->D->B->F->A->C,1,1,1,1,1,1
1535,G->E->D->B->F->C,1,1,1,1,1,1
1536,G->C->E->F->A->B->D,1,1,1,1,1,1
1537,G->C->E->F->A->D,1,1,1,1,1,1
1538,G->C->E->F->B->A->D,1,1,1,1,1,1
1539,G->C->E->F->B->D,1,1,1,1,1,1
1540,G->C->E->A->B->D,1,1,1,1,1,1
1541,G->C->E->A->D,1,1,1,1,1,1
1542,G->C->E->A->F->B->D,1,1,1,1,1,1
1543,G->C->E->D,1,1,1,1,1,1
1544,G->C->A->B->D,1,1,1,1,1,1
1545,G->C->A->B->F->E->D,1,1,1,1,1,1
1546,G->C->A->E->F->B->D,1,1,1,1,1,1
1547,G->C->A->E->D,1,1,1,1,1,1
1548,G->C->A->D,1,1,1,1,1,1
1549,G->C->A->F->B->D,1,1,1,1,1,1
1550,G->C->A->F->E->D,1,1,1,1,1,1
1551,G->C->F->A->B->D,1,1,1,1,1,1
1552,G->C->F->A->E->D,1,1,1,1,1,1
1553,G->C->F->A->D,1,1,1,1,1,1
1554,G->C->F->B->A->E->D,1,1,1,1,1,1
1555,G->C->F->B->A->D,1,1,1,1,1,1
1556,G->C->F->B->D,1,1,1,1,1,1
1557,G->C->F->E->A->B->D,1,1,1,1,1,1
1558,G->C->F->E->A->D,1,1,1,1,1,1
1559,G->C->F->E->D,1,1,1,1,1,1
1560,G->D,1,1,1,1,1,1
1561,G->E->C->A->B->D,1,1,1,1,1,1
1562,G->E->C->A->D,1,1,1,1,1,1
1563,G->E->C->A->F->B->D,1,1,1,1,1,1
1564,G->E->C->F->A->B->D,1,1,1,1,1,1
1565,G->E->C->F->A->D,1,1,1,1,1,1
1566,G->E->C->F->B->A->D,1,1,1,1,1,1
1567,G->E->C->F->B->D,1,1,1,1,1,1
1568,G->E->F->A->B->D,1,1,1,1,1,1
1569,G->E->F->A->D,1,1,1,1,1,1
1570,G->E->F->B->A->D,1,1,1,1,1,1
1571,G->E->F->B->D,1,1,1,1,1,1
1572,G->E->F->C->A->B->D,1,1,1,1,1,1
1573,G->E->F->C->A->D,1,1,1,1,1,1
1574,G->E->A->B->D,1,1,1,1,1,1
1575,G->E->A->C->F->B->D,1,1,1,1,1,1
1576,G->E->A->D,1,1,1,1,1,1
1577,G->E->A->F->B->D,1,1,1,1,1,1
1578,G->E->D,1,1,1,1,1,1
1579,G->C->E,1,1,1,1,1,1
1580,G->C->A->B->D->E,1,1,1,1,1,1
1581,G->C->A->B->F->E,1,1,1,1,1,1
1582,G->C->A->E,1,1,1,1,1,1
1583,G->C->A->D->B->F->E,1,1,1,1,1,1
1584,G->C->A->D->E,1,1,1,1,1,1
1585,G->C->A->F->B->D->E,1,1,1,1,1,1
1586,G->C->A->F->E,1,1,1,1,1,1
1587,G->C->F->A->B->D->E,1,1,1,1,1,1
1588,G->C->F->A->E,1,1,1,1,1,1
1589,G->C->F->A->D->E,1,1,1,1,1,1
1590,G->C->F->B->A->E,1,1,1,1,1,1
1591,G->C->F->B->A->D->E,1,1,1,1,1,1
1592,G->C->F->B->D->A->E,1,1,1,1,1,1
1593,G->C->F->B->D->E,1,1,1,1,1,1
1594,G->C->F->E,1,1,1,1,1,1
1595,G->D->A->B->F->C->E,1,1,1,1,1,1
1596,G->D->A->B->F->E,1,1,1,1,1,1
1597,G->D->A->C->E,1,1,1,1,1,1
1598,G->D->A->C->F->E,1,1,1,1,1,1
1599,G->D->A->E,1,1,1,1,1,1
1600,G->D->A->F->C->E,1,1,1,1,1,1
1601,G->D->A->F->E,1,1,1,1,1,1
1602,G->D->B->A->C->E,1,1,1,1,1,1
1603,G->D->B->A->C->F->E,1,1,1,1,1,1
1604,G->D->B->A->E,1,1,1,1,1,1
1605,G->D->B->A->F->C->E,1,1,1,1,1,1
1606,G->D->B->A->F->E,1,1,1,1,1,1
1607,G->D->B->F->A->C->E,1,1,1,1,1,1
1608,G->D->B->F->A->E,1,1,1,1,1,1
1609,G->D->B->F->C->E,1,1,1,1,1,1
1610,G->D->B->F->C->A->E,1,1,1,1,1,1
1611,G->D->B->F->E,1,1,1,1,1,1
1612,G->D->E,1,1,1,1,1,1
1613,G->E,1,1,1,1,1,1
1614,G->C->E->F,1,1,1,1,1,1
1615,G->C->E->A->B->F,1,1,1,1,1,1
1616,G->C->E->A->D->B->F,1,1,1,1,1,1
1617,G->C->E->A->F,1,1,1,1,1,1
1618,G->C->E->D->A->B->F,1,1,1,1,1,1
1619,G->C->E->D->A->F,1,1,1,1,1,1
1620,G->C->E->D->B->A->F,1,1,1,1,1,1
1621,G->C->E->D->B->F,1,1,1,1,1,1
1622,G->C->A->B->D->E->F,1,1,1,1,1,1
1623,G->C->A->B->F,1,1,1,1,1,1
1624,G->C->A->E->F,1,1,1,1,1,1
1625,G->C->A->E->D->B->F,1,1,1,1,1,1
1626,G->C->A->D->B->F,1,1,1,1,1,1
1627,G->C->A->D->E->F,1,1,1,1,1,1
1628,G->C->A->F,1,1,1,1,1,1
1629,G->C->F,1,1,1,1,1,1
1630,G->D->A->B->F,1,1,1,1,1,1
1631,G->D->A->C->E->F,1,1,1,1,1,1
1632,G->D->A->C->F,1,1,1,1,1,1
1633,G->D->A->E->C->F,1,1,1,1,1,1
1634,G->D->A->E->F,1,1,1,1,1,1
1635,G->D->A->F,1,1,1,1,1,1
1636,G->D->B->A->C->E->F,1,1,1,1,1,1
1637,G->D->B->A->C->F,1,1,1,1,1,1
1638,G->D->B->A->E->C->F,1,1,1,1,1,1
1639,G->D->B->A->E->F,1,1,1,1,1,1
1640,G->D->B->A->F,1,1,1,1,1,1
1641,G->D->B->F,1,1,1,1,1,1
1642,G->D->E->C->A->B->F,1,1,1,1,1,1
1643,G->D->E->C->A->F,1,1,1,1,1,1
1644,G->D->E->C->F,1,1,1,1,1,1
1645,G->D->E->F,1,1,1,1,1,1
1646,G->D->E->A->B->F,1,1,1,1,1,1
1647,G->D->E->A->C->F,1,1,1,1,1,1
1648,G->D->E->A->F,1,1,1,1,1,1
1649,G->E->C->A->B->F,1,1,1,1,1,1
1650,G->E->C->A->D->B->F,1,1,1,1,1,1
1651,G->E->C->A->F,1,1,1,1,1,1
1652,G->E->C->F,1,1,1,1,1,1
1653,G->E->F,1,1,1,1,1,1
1654,G->E->A->B->F,1,1,1,1,1,1
1655,G->E->A->C->F,1,1,1,1,1,1
1656,G->E->A->D->B->F,1,1,1,1,1,1
1657,G->E->A->F,1,1,1,1,1,1
1658,G->E->D->A->B->F,1,1,1,1,1,1
1659,G->E->D->A->C->F,1,1,1,1,1,1
1660,G->E->D->A->F,1,1,1,1,1,1
1661,G->E->D->B->A->C->F,1,1,1,1,1,1
1662,G->E->D->B->A->F,1,1,1,1,1,1
1663,G->E->D->B->F,1,1,1,1,1,1
